;nu_Contrato;qtdContratosAditivos
0;000000209;1
2971;010082005;1
2972;010082010;1
2973;010082012;1
2974;010082013;1
1581;001222008;1
1580;001222007;1
1579;001222005;1
2976;010082015;1
2977;010092005;1
2978;010092010;1
2979;010092011;1
2981;010092015;1
1572;001212005;1
2982;010102010;1
2983;010102012;1
2985;010112008;1
2986;010112010;1
2999;010152015;1
2998;010152011;1
1553;001192007;1
2997;010152006;1
1555;001192010;1
1556;001192011;1
2970;010072015;1
2995;010142013;1
2992;010132013;1
2990;010122014;1
1561;0011D2010;1
1562;0012007TP;1
1563;001202005;1
1564;001202007;1
2994;010142010;1
3000;010162010;1
1587;001232005;1
1594;001242005;1
2932;009992008;1
1626;001272013;1
1625;001272012;1
1623;001272010;1
2935;00A232013;1
2936;00A292011;1
1620;001272007;1
1619;001272005;1
2937;00DI22014;1
2938;010002013;1
2939;010012006;1
1615;001262012;1
2940;010012007;1
2942;010012012;1
2946;010022007;1
2947;010022010;1
1610;001262007;1
2960;010052010;1
2958;010042013;1
2956;010042010;1
1598;001242012;1
2954;010032014;1
1601;001252005;1
2967;010072006;1
2952;010032011;1
2951;010022015;1
1605;001252012;1
2950;010022013;1
2949;010022012;1
1608;001262005;1
2948;010022011;1
1603;001252010;1
2931;009912010;1
3002;010162012;1
3006;010172012;1
3063;010392010;1
3065;010392014;1
3066;010392015;1
3069;010412013;1
3071;010412015;1
3072;010422011;1
3073;010422013;1
3074;010422014;1
3076;010432014;1
1480;001112005;1
3077;010442011;1
3079;010442013;1
3081;010452013;1
3082;010452014;1
3084;010472011;1
3085;010472013;1
1471;001102005;1
1457;001082014;1
3097;010522014;1
3093;010512015;1
3092;010512014;1
3091;010512013;1
3090;010502014;1
3062;010382015;1
1463;001092012;1
3088;010502012;1
3087;010482015;1
1467;0010A2009;1
1468;0010B2008;1
1469;0010B2009;1
1470;0010C2009;1
1464;001092013;1
3005;010172011;1
3061;010382014;1
3059;010372015;1
3007;010172013;1
3010;010182014;1
3011;010182015;1
1538;001172008;1
3017;010222011;1
3022;010242013;1
3024;010252013;1
1531;001162010;1
3034;010282013;1
3035;010282014;1
1527;001162005;1
3036;010282015;1
3037;010292011;1
1522;001152011;1
3040;010302014;1
3042;010312011;1
3043;010312013;1
1500;001132005;1
1502;001132009;1
3055;010362014;1
3054;010362013;1
3052;010352014;1
1508;001132015;1
3060;010382012;1
3050;010342014;1
3048;010332014;1
3047;010332013;1
3046;010322015;1
3045;010322013;1
1517;001152005;1
1518;001152007;1
1510;001142006;1
3099;010532013;1
1629;001282005;1
1631;001282008;1
2834;006212011;1
1745;001422010;1
2835;006232014;1
1743;001422005;1
1742;001412015;1
2837;006292005;1
2839;0062A2011;1
1738;001412010;1
1736;001412007;1
1735;001412005;1
2842;0063A2011;1
2846;0064A2012;1
2848;006542013;1
2849;006592013;1
1728;001402006;1
1727;001402005;1
2850;006652005;1
1705;001372008;1
2870;007322006;1
2869;0072B2010;1
2868;0072A2010;1
2863;006TP2013;1
2862;006SA2012;1
2833;006202013;1
1713;001382008;1
2860;006922015;1
2859;006912015;1
1718;001382013;1
2855;0067B2010;1
1721;001392005;1
2853;006712015;1
1715;001382010;1
1704;001372005;1
2831;0061A2007;1
1751;001432010;1
2802;005742013;1
2804;005782005;1
1784;001482006;1
2805;005782013;1
2807;005832013;1
1781;001472013;1
2809;005912015;1
2810;005952015;1
1778;001472008;1
1777;001472006;1
1776;001462015;1
2811;005962015;1
2812;005982015;1
2815;005SA2011;1
1772;001462010;1
1771;001462009;1
1770;001462008;1
2828;006162005;1
1755;001432015;1
1756;001442009;1
2825;006122015;1
2824;0060A2010;1
2823;0060A2009;1
2829;006162011;1
1760;001452006;1
2822;006052015;1
2821;006022015;1
2820;006012015;1
2817;005SE2013;1
2816;005SA2012;1
1769;001462007;1
1761;001452008;1
1630;001282007;1
2871;007382011;1
1701;001362013;1
2905;008702006;1
1663;001322005;1
2906;008712006;1
2907;008722006;1
2908;008762006;1
2909;008772006;1
2910;008782006;1
1657;001312010;1
2912;008862008;1
1654;001312004;1
1653;001302015;1
2913;008872007;1
2914;008912007;1
2916;008SA2012;1
2917;008TP2013;1
2920;009032007;1
1646;0012A2007;1
2930;009832006;1
2928;009662008;1
1634;001282012;1
2927;009542008;1
2926;009532006;1
1637;001292005;1
1665;001322008;1
1638;001292006;1
2923;009262007;1
2922;009142014;1
1642;001292012;1
1643;001292013;1
2921;009082007;1
1645;001292015;1
2924;009272008;1
2874;0075A2007;1
2904;008682009;1
2898;008542008;1
2875;007602012;1
2876;0076A2007;1
1698;001362005;1
2879;007CV2013;1
2881;008002011;1
1694;001352012;1
2882;008012011;1
2886;008122008;1
2887;008142014;1
1690;001352005;1
2888;008202007;1
1688;001342015;1
1687;001342014;1
2889;008382008;1
2890;0083A2010;1
2891;0083B2010;1
1683;001342005;1
1669;001322012;1
1670;001322013;1
1671;001322014;1
2897;008532008;1
1673;001332005;1
1674;001332008;1
2903;008592008;1
2896;008522008;1
2894;008502008;1
1678;001332012;1
2893;008412007;1
2892;0083C2010;1
1681;001332015;1
1682;001342004;1
2895;008512008;1
2800;005712014;1
3101;010542013;1
3104;010552015;1
3296;01PP72011;1
3299;01TP12012;1
3303;01c192009;1
3306;020032006;1
3308;020052010;1
1236;000892006;1
3309;020062013;1
3310;020082010;1
3311;020082015;1
3312;020102015;1
3313;020112015;1
3316;020142010;1
3317;020152010;1
3318;020162010;1
3319;020172010;1
1225;000882005;1
3321;020182010;1
1204;000862006;1
3338;020692010;1
3336;020582015;1
3335;020382010;1
3334;020372010;1
3333;020362010;1
3295;01PP52011;1
3332;020262011;1
1218;000872009;1
3326;020212013;1
3325;020212011;1
3324;020212010;1
3323;020192010;1
3322;020182011;1
1213;000862016;1
1203;000862005;1
3294;01IN92011;1
3293;01IN72011;1
3262;016602008;1
1278;000932004;1
3263;016SA2011;1
3264;017002012;1
3265;017012011;1
3266;017012013;1
3267;017912004;1
3268;017SA2011;1
3269;018002012;1
3270;018012011;1
3272;019SA2011;1
3273;01ADM2011;1
3274;01C012009;1
3275;01C032007;1
3276;01C042010;1
3277;01C082010;1
3278;01C092010;1
3292;01IN52011;1
3291;01D022008;1
3290;01C622009;1
3289;01C422010;1
3288;01C372011;1
3287;01C292011;1
1246;0008A2011;1
3286;01C282011;1
3283;01C242011;1
3281;01C192010;1
1258;000912005;1
3280;01C142007;1
1260;000912007;1
3279;01C132007;1
3285;01C272011;1
1280;000932006;1
3340;020712010;1
3342;020752010;1
1155;00082010A;1
3384;02ADM2011;1
3385;02C082010;1
3386;02PP42011;1
3387;030002005;1
3390;030012011;1
1147;000812008;1
1146;000812007;1
3391;030012013;1
1144;000812005;1
3393;030012015;1
3394;030032013;1
3395;030032014;1
3396;0300A2007;1
3397;030302011;1
3398;030332011;1
3399;030342011;1
3414;040112015;1
3413;040042014;1
3411;03C082010;1
3410;03ADM2011;1
3406;034512013;1
3404;033012009;1
1156;000822004;1
3402;030422011;1
1131;0007A2010;1
3400;030352011;1
1133;0007A2013;1
1134;000802006;1
1135;000802007;1
1136;000802008;1
3401;030392011;1
2404;002592015;1
3382;028032015;1
1159;000822008;1
3343;020762010;1
3344;020772010;1
3346;020812010;1
3347;020842010;1
1194;000852009;1
1193;000852007;1
3348;020902010;1
1191;000852005;1
3349;020952010;1
3350;020992010;1
3351;020SA2011;1
3352;020SA2012;1
3355;021232010;1
3356;021262010;1
3357;021452011;1
1183;000842008;1
3358;021462011;1
1160;000822009;1
3377;025012008;1
3375;023SA2011;1
3374;023522009;1
1167;000832003;1
1168;000832004;1
3379;028012011;1
1170;000832006;1
3369;023022011;1
3367;023012015;1
3365;023012013;1
3364;023012011;1
1180;000842005;1
3362;022SA2011;1
1173;000832009;1
3102;010542014;1
3261;016362012;1
3258;016282012;1
3145;010862011;1
3147;010902015;1
3148;010912011;1
1402;001032009;1
1401;001032008;1
3151;010922013;1
1399;001032006;1
3152;010922015;1
1397;001022015;1
3153;010932010;1
3154;010932011;1
3155;010952013;1
3156;010962013;1
3157;010982013;1
3158;010982015;1
1390;001022008;1
3159;010992011;1
3179;011062012;1
3177;011052011;1
3176;011052010;1
3172;011022015;1
3171;011022014;1
1375;001012005;1
1409;001042005;1
1376;001012006;1
3167;011012012;1
3165;011012010;1
3163;011002011;1
1385;00102010A;1
3161;010992013;1
1387;001022001;1
3170;011022013;1
1366;000B82013;1
3144;010842015;1
1412;001042008;1
1450;001082005;1
1449;001082004;1
3110;010582014;1
3111;010582015;1
3112;0105A2007;1
3113;010602012;1
1440;001072005;1
3115;010612012;1
3116;010612014;1
3117;010612015;1
3119;010622013;1
3120;010632013;1
3121;010652012;1
3122;010662013;1
3123;010672011;1
3124;010682014;1
1430;001062006;1
3142;010832011;1
3141;010822015;1
3139;010822011;1
3135;010752011;1
3134;010742013;1
3132;010742011;1
3143;010832014;1
1420;001052006;1
1423;001052009;1
3129;010732013;1
3128;010712010;1
3126;010692013;1
3125;010682015;1
1429;001062005;1
3130;010732014;1
3259;016312006;1
1365;000A82013;1
1363;000A52008;1
3215;0113A2009;1
3216;011402013;1
3217;011412013;1
3219;011422013;1
3220;011442014;1
3224;011492012;1
1314;000962008;1
3225;011562013;1
3226;011572012;1
3227;011702011;1
3230;011782013;1
3231;011SA2011;1
3233;012012013;1
3234;012022013;1
3235;012062013;1
3236;012082014;1
3237;012112013;1
3257;016272012;1
3256;015912013;1
3255;015012015;1
3254;015012014;1
3250;014202006;1
3248;014032013;1
3214;011392015;1
3247;014022013;1
3245;014012013;1
1297;000942012;1
3243;013512011;1
1301;000952005;1
1302;000952006;1
3238;012202010;1
3246;014012014;1
3181;011072015;1
3213;011392013;1
3211;011382015;1
1362;0009I2010;1
1361;0009H2010;1
1360;0009G2010;1
1359;0009F2010;1
1358;0009E2010;1
1357;0009D2010;1
1356;0009D2009;1
1355;0009C2010;1
1354;0009B2010;1
1351;0009A2009;1
3185;011102013;1
3186;011132009;1
3188;011162015;1
3191;011192011;1
3192;011222011;1
1344;000992009;1
3194;011242012;1
3210;011382011;1
3209;011372015;1
3208;011372013;1
3207;011362015;1
3205;011362013;1
3204;011362010;1
3212;011392011;1
3203;011352015;1
3201;011352011;1
3200;011342015;1
3199;011342013;1
3198;011332015;1
3197;011302013;1
3196;011272014;1
3202;011352013;1
3415;040122013;1
1789;001482015;1
1791;001492007;1
2209;002142011;1
2516;003032011;1
2517;003042009;1
2206;002142004;1
2518;003052009;1
2519;003062011;1
2520;003092009;1
2202;002132009;1
2201;002132004;1
2521;003092011;1
2522;0030A2003;1
2523;0030A2012;1
2524;003102014;1
2196;002122005;1
2195;002122004;1
2192;002112009;1
2191;002112004;1
2532;003172015;1
2178;002082013;1
2179;002082014;1
2180;002092006;1
2181;002092008;1
2531;003172013;1
2211;002152004;1
2530;003172011;1
2185;0020A2013;1
2529;003172007;1
2528;003152015;1
2188;002102012;1
2189;002102013;1
2190;002102015;1
2184;002092013;1
2533;003182007;1
2212;002152006;1
2512;003012015;1
2247;002202014;1
2489;002922007;1
2245;002202012;1
2244;002202011;1
2491;002932007;1
2242;002202009;1
2492;002942007;1
2240;0021A2013;1
2494;002952014;1
2495;002962005;1
2496;002962007;1
2498;002972007;1
2235;002182015;1
2499;002972013;1
2233;002182011;1
2500;002982007;1
2501;002982013;1
2216;002152012;1
2511;003012014;1
2510;003012011;1
2507;003002014;1
2221;002162011;1
2222;002162012;1
2514;003022011;1
2223;002172008;1
2505;003002007;1
2226;002172011;1
2227;002172012;1
2504;003002005;1
2503;002992007;1
2502;002982014;1
2506;003002013;1
2248;002212006;1
2174;002082007;1
2538;003212004;1
2128;0019A2010;1
2570;0033A2012;1
2572;003422012;1
2124;001992009;1
2123;001992008;1
2122;001982014;1
2121;001982013;1
2120;001982012;1
2119;001982011;1
2573;003422015;1
2117;001982005;1
2116;001972015;1
2574;003432015;1
2114;001972011;1
2113;001972010;1
2575;003442015;1
2111;001962014;1
2587;003542014;1
2586;003542011;1
2584;003532012;1
2099;001942014;1
2100;001942015;1
2583;003532011;1
2129;0019A2013;1
2582;003532006;1
2581;003522015;1
2580;003522007;1
2579;00352010A;1
2578;003512015;1
2577;003462011;1
2109;001962012;1
2103;001952011;1
2173;002082006;1
2130;0019B2010;1
2132;0019D2010;1
2171;002072013;1
2540;003222004;1
2541;003222014;1
2167;002072009;1
2166;002062015;1
2542;003242006;1
2164;002062013;1
2544;003242015;1
2547;003262015;1
2552;0032A2012;1
2158;002052011;1
2156;002052007;1
2155;002052005;1
2154;002042015;1
2153;002042012;1
2152;002042010;1
2151;002042009;1
2133;0019E2010;1
2567;003382011;1
2135;002002009;1
2564;003362011;1
2562;003352010;1
2559;003332013;1
2131;0019C2010;1
2558;003332012;1
2557;003322013;1
2145;002022015;1
2146;002032006;1
2147;002032009;1
2556;003322011;1
2149;002032011;1
2143;002022010;1
2588;003552008;1
2249;002212009;1
2251;002212012;1
2422;002632010;1
2423;002632011;1
2362;002482015;1
2425;002642010;1
2358;002482011;1
2357;002472015;1
2356;002472014;1
2355;002472013;1
2353;002462014;1
2352;002462013;1
2428;002652004;1
2430;002652010;1
2432;002662010;1
2347;002452011;1
2346;002452007;1
2433;002662012;1
2434;002672009;1
2451;002762007;1
2447;002742010;1
2330;002412012;1
2331;002412014;1
2445;002732010;1
2441;002702013;1
2365;0024B2013;1
2440;002702010;1
2336;002422013;1
2436;002682006;1
2435;002672010;1
2341;002432015;1
2342;002432016;1
2343;002442007;1
2439;002692010;1
2326;002402007;1
2366;002502011;1
2369;002512008;1
2400;002582011;1
2399;002582010;1
2398;002582009;1
2397;002572014;1
2396;002572011;1
2395;002572010;1
2405;002602009;1
2393;002562016;1
2392;002562011;1
2406;002602010;1
2407;002602013;1
2408;002612008;1
2410;002612010;1
2411;002612011;1
2413;002612015;1
2385;002542011;1
2384;002542007;1
2419;002632004;1
2371;002512011;1
2372;002512013;1
2373;002522004;1
2374;002522008;1
2375;002522010;1
2420;002632007;1
2376;002522011;1
2378;002532004;1
2379;002532009;1
2380;002532010;1
2415;002622011;1
2414;002622010;1
2383;002532015;1
2418;002622014;1
2488;002912007;1
2325;0023A2012;1
2323;002392007;1
2472;002832010;1
2473;002832013;1
2280;002272012;1
2279;002272011;1
2474;002842009;1
2277;002272007;1
2276;002262015;1
2475;002842013;1
2274;002262009;1
2273;002252014;1
2272;002252013;1
2271;002252011;1
2270;002252010;1
2269;002252009;1
2268;002252008;1
2478;002862010;1
2479;002872014;1
2252;002212013;1
2253;002212015;1
2254;002222009;1
2487;002902015;1
2256;002232009;1
2484;002902007;1
2283;002272015;1
2258;002232011;1
2260;002232014;1
2482;002892014;1
2262;002242006;1
2481;002882014;1
2264;002242011;1
2265;002242013;1
2259;002232013;1
2452;002762010;1
2284;002282005;1
2286;002282012;1
2322;002382015;1
2453;002772007;1
2454;002772010;1
2455;002782009;1
2457;002792009;1
2458;002792010;1
2316;002372011;1
2459;002792014;1
2460;0027M2011;1
2313;002362011;1
2311;002352012;1
2310;002352011;1
2462;002802014;1
2307;002352007;1
2304;002332014;1
2466;002822007;1
2467;002822010;1
2287;002292005;1
2288;002292008;1
2289;002302005;1
2290;002302008;1
2471;002832009;1
2292;002302014;1
2285;002282011;1
2293;002312005;1
2295;002322004;1
2297;002322009;1
2469;002822014;1
2299;002332007;1
2300;002332009;1
2468;002822013;1
2294;002312014;1
1790;001492006;1
2094;001932015;1
2589;003562009;1
2715;004622007;1
1898;001642013;1
2717;004622015;1
2718;004632007;1
2720;004642007;1
2721;004642012;1
1893;001632015;1
2722;004642015;1
2723;004652007;1
1890;001632010;1
1889;001632009;1
2725;004662014;1
2726;004672007;1
2728;004682007;1
2729;004702003;1
1883;001622005;1
1882;001612015;1
1867;0015F2013;1
1868;0015H2013;1
2746;004822008;1
2745;004812008;1
2744;004802010;1
2740;004772010;1
2714;004612013;1
2739;004742013;1
2737;004732008;1
2736;004722011;1
2735;004722005;1
2733;004712007;1
2732;004712004;1
2730;004702004;1
2738;004742010;1
1866;0015D2013;1
1901;001652005;1
2711;0045B2010;1
2692;0044B2010;1
1938;001702014;1
2693;0044C2010;1
2694;0044D2010;1
1935;001702008;1
2695;0044E2010;1
2696;0044F2010;1
1932;0016A2013;1
1931;001692015;1
1930;001692013;1
2697;0044G2010;1
1928;001692010;1
1927;001692006;1
2698;0044H2010;1
1925;001682015;1
2699;0044I2010;1
2700;0044J2010;1
2710;0045A2010;1
1907;001662005;1
1908;001662009;1
1909;001662010;1
1910;001662012;1
2707;004572009;1
2712;0045C2010;1
1913;001662015;1
1915;001672008;1
1916;001672010;1
2705;004562013;1
2703;004542014;1
1921;001682005;1
2701;0044K2010;1
1914;001672005;1
2691;0044A2010;1
2747;004832008;1
2749;004862004;1
2772;005172010;1
2773;005172011;1
2774;0052013CC;1
1823;001532010;1
2777;005242011;1
1820;001532005;1
1817;001522013;1
2781;0052A2009;1
1815;001522010;1
2782;005312013;1
1813;001522006;1
1812;001522005;1
2783;005332005;1
2785;005342011;1
2786;005372007;1
2787;005392012;1
2788;0053A2007;1
1793;001492010;1
2798;005702007;1
1795;001492013;1
2797;005612013;1
1797;001492015;1
2794;0054B2007;1
1827;001532015;1
1799;001502006;1
2793;0054A2007;1
2792;0053B2013;1
2791;0053B2010;1
1804;001502015;1
2790;0053A2013;1
2789;0053A2010;1
1800;001502009;1
2748;004842008;1
1828;001542006;1
1830;001542010;1
1862;001592012;1
2750;004872003;1
1860;001582014;1
2753;0048A2005;1
1857;001582011;1
2754;004902007;1
1855;001582008;1
1854;001582007;1
1853;001572015;1
1852;001572014;1
1851;001572013;1
2755;004942011;1
2756;004962011;1
2757;004962013;1
1847;001572007;1
1846;001562015;1
2758;004982011;1
2770;005142010;1
2769;005122011;1
1833;001552006;1
1834;001552009;1
1835;001552011;1
2768;005122006;1
2771;005152011;1
2766;0050B2010;1
1839;001552015;1
1840;001562009;1
2763;005072011;1
2762;005052009;1
2761;005012004;1
2760;005002013;1
2765;0050A2010;1
2093;001932014;1
1941;001712007;1
1943;001712012;1
2628;004052007;1
2629;004052014;1
2046;001852009;1
2045;001852008;1
2630;004062013;1
2632;0040C2005;1
2042;001842013;1
2041;001842011;1
2040;001842009;1
2039;001842008;1
2038;001842007;1
2634;004122014;1
2635;004142011;1
2636;004152011;1
2637;004162011;1
2638;004172011;1
2032;001832008;1
2648;004232011;1
2647;004222013;1
2646;004222011;1
2021;001812015;1
2645;004212011;1
2644;004202011;1
2049;001852014;1
2643;0041B2005;1
2642;0041A2005;1
2641;004192014;1
2640;004192011;1
2639;004182011;1
2030;001822015;1
2031;001832005;1
2025;001822010;1
2649;004232012;1
2626;004042013;1
2624;004032013;1
2591;003582007;1
2592;003602011;1
2089;001932010;1
2593;003602015;1
2087;001932007;1
2595;003612011;1
2085;001922013;1
2084;001922012;1
2598;003632006;1
2080;001912008;1
2078;001902013;1
2077;001902011;1
2601;003652014;1
2602;003712015;1
2074;001902008;1
2073;0018A2005;1
2604;003752011;1
2053;001862013;1
2622;003982014;1
2621;003962009;1
2620;003952011;1
2057;001872011;1
2618;003942010;1
2625;004042010;1
2061;001882008;1
2614;003902014;1
2613;003872010;1
2612;003862011;1
2611;003852011;1
2067;001892008;1
2605;003762010;1
2615;003912006;1
1942;001712008;1
2016;001812009;1
2650;004232013;1
2678;004432013;1
1976;001762009;1
2679;004442009;1
1974;001762005;1
1973;001762004;1
1972;001752015;1
1971;001752014;1
2681;004452009;1
1968;001752005;1
1967;001752004;1
1966;001742015;1
2682;004452011;1
1964;001742013;1
2683;004452013;1
1962;001742011;1
1961;001742008;1
2684;004452014;1
2690;004482013;1
2689;004472013;1
2688;004472011;1
1947;001722008;1
2687;004462013;1
1949;001722010;1
2676;004422009;1
1950;001722013;1
1952;001722015;1
1953;001732004;1
1955;001732010;1
1957;001732015;1
1958;001742004;1
1959;001742005;1
1951;001722014;1
2015;001812008;1
2675;004412014;1
1982;001772005;1
2651;004242011;1
2652;004242013;1
2653;004252011;1
2656;004262011;1
2657;004272014;1
2659;004282014;1
2007;001802005;1
2660;004292013;1
2661;004302013;1
2663;004312013;1
2003;001792012;1
2002;001792011;1
2664;004322014;1
2666;004362013;1
1999;001792005;1
1998;001792004;1
2667;004372009;1
2674;004412012;1
2673;004412009;1
1985;001772009;1
1986;001772010;1
1987;001772014;1
1988;001772015;1
1981;001772004;1
2672;004402009;1
2670;004392009;1
2669;004382013;1
1993;001782010;1
1994;001782011;1
1995;001782013;1
2668;004382009;1
2671;0043A2013;1
3416;040132011;1
3341;020732010;1
3417;040142014;1
4062;212272014;1
445;0002I2009;1
4063;212292014;1
443;0002G2013;1
442;0002F2010;1
4064;212302014;1
4065;212312014;1
439;0002C2012;1
438;0002B2013;1
437;0002B2012;1
436;0002B2009;1
4066;212412014;1
434;0002A2012;1
433;0002A2009;1
432;000292016;1
4067;212432014;1
4068;212442014;1
4083;214152013;1
4082;214122015;1
4081;214112015;1
4080;214072015;1
4079;214062015;1
4078;214052015;1
4061;212232014;1
4076;213172014;1
4074;213152014;1
4073;213102013;1
4072;213062014;1
4071;213012014;1
4070;212522014;1
4069;212512014;1
4075;213162014;1
4084;214162013;1
4060;212222014;1
4058;212202014;1
4026;208082015;1
4027;208092015;1
4029;208112015;1
4030;208122014;1
4031;208132014;1
4032;208142014;1
4034;208272014;1
4035;209012014;1
474;00032011A;1
473;000312016;1
4037;209072013;1
4038;209232014;1
4039;210022005;1
4040;210022010;1
4041;210032015;1
4043;211122014;1
4044;211142015;1
4057;212192014;1
4056;212182014;1
4055;212172014;1
4054;212162014;1
4053;212152014;1
4052;212142014;1
4059;212212014;1
4051;212132014;1
4049;212022015;1
4048;212012015;1
4047;212012014;1
4046;211232014;1
463;000312006;1
4045;211202014;1
4050;212042015;1
4025;208072015;1
4085;214202015;1
4087;214252015;1
4135;240242013;1
4136;250032015;1
4137;250242015;1
4138;250332015;1
4139;250372014;1
4140;250382015;1
4141;250532014;1
4142;250682014;1
4143;250692014;1
4145;260012014;1
4146;260022010;1
4148;261072015;1
4149;269012015;1
4150;280002011;1
4152;280052015;1
4154;281112015;1
4155;300012009;1
4174;300582005;1
4172;300472006;1
4169;300332005;1
4167;300222013;1
4166;300192005;1
4165;300102015;1
4134;233012014;1
4164;300082005;1
4162;300042004;1
337;000232003;1
4159;300032010;1
4158;300022013;1
4157;300022009;1
4156;300012013;1
4163;300052011;1
4086;214212015;1
4133;232012014;1
4132;231012014;1
4090;214312013;1
4091;214312014;1
4092;214312015;1
405;000282003;1
4094;214322015;1
4096;214352015;1
4103;214442014;1
4105;214462014;1
4106;214472014;1
4109;214582014;1
4111;214612014;1
4112;214642014;1
4113;214652014;1
4114;214682014;1
4115;214702014;1
4116;214742014;1
383;000262008;1
4131;230012014;1
4130;230012013;1
4129;222012014;1
4128;221012015;1
4127;220022013;1
4126;220022010;1
365;000252004;1
4125;220022005;1
376;000252016;1
4122;214942015;1
4120;214872014;1
4119;214842014;1
4118;214822014;1
4117;214752014;1
4124;220012014;1
4175;300672006;1
4024;208062015;1
4020;207082014;1
3907;164372014;1
601;000402016;1
3908;164492015;1
3909;164512015;1
3910;164672015;1
3913;164862015;1
3914;165102014;1
3916;165162014;1
3917;165332014;1
3918;165342014;1
3919;165352014;1
3920;165362014;1
589;000402003;1
3921;165612015;1
587;0003C2012;1
586;0003B2012;1
585;0003B2010;1
3936;186012015;1
3934;185012015;1
3932;180002012;1
3930;170012015;1
3929;16ADM2011;1
3927;166592015;1
3906;164362014;1
3926;166202015;1
3924;166052015;1
3923;165902014;1
580;0003A2005;1
581;0003A2007;1
582;0003A2008;1
1119;000792002;1
3925;166062014;1
568;000392004;1
3905;164122014;1
3902;164012015;1
3852;160822015;1
646;000442008;1
3854;160842015;1
3856;160882014;1
642;000442004;1
641;000442002;1
3858;160892015;1
3861;160922015;1
3865;161022015;1
3867;161032015;1
3868;161042015;1
3869;161052015;1
3870;161092015;1
3871;161112015;1
3873;161132015;1
3874;161272015;1
628;000432003;1
3897;163752014;1
3895;163022015;1
3894;163012015;1
3893;162942015;1
3892;162932015;1
3891;162912015;1
3904;164032015;1
3890;162532013;1
3885;161912015;1
3883;161692015;1
3882;161662015;1
3880;161532014;1
3879;161482015;1
3878;161402015;1
3888;162012015;1
4022;208022014;1
3937;1TP012008;1
3939;1TP022008;1
3991;206412014;1
3992;206432014;1
3993;206432015;1
3994;206482015;1
3996;206542014;1
515;000352003;1
514;000352002;1
3997;206552015;1
3999;206572015;1
4000;206582015;1
4001;206602013;1
4002;206612013;1
4003;206622013;1
4004;206632013;1
4005;206652015;1
4006;206672015;1
4007;206682015;1
4018;206902015;1
4017;206882015;1
4016;206872015;1
4015;206762015;1
493;000332008;1
4014;206742015;1
3990;206352015;1
4013;206732015;1
4011;206712015;1
4010;206712014;1
4009;206702015;1
4008;206702014;1
501;000332016;1
502;000342002;1
4012;206722015;1
3938;1TP022007;1
3988;206302015;1
3985;206162015;1
3940;1TP022009;1
3941;1TP052010;1
3942;200012012;1
3943;200012013;1
3946;200022015;1
3947;200032010;1
3948;200032011;1
3949;200032012;1
555;000382004;1
3950;200042010;1
552;000372016;1
3952;200122011;1
3953;200132005;1
3956;200142014;1
3957;200152013;1
3958;200162011;1
3959;200182011;1
3984;206152015;1
3983;206042013;1
3981;205232014;1
3980;205012015;1
3978;204052014;1
3976;204012014;1
3986;206252015;1
3972;202102014;1
3969;201272014;1
3968;201112014;1
3967;201102015;1
3966;201092012;1
3964;201022015;1
3961;200732004;1
3971;202042015;1
4176;310002013;1
4180;330032015;1
4183;330102015;1
4397;CV2512013;1
4398;CV28A2013;1
4399;CV29A2013;1
4401;D00412013;1
4403;DI5012013;1
4404;DL1612013;1
4406;G00042009;1
4407;G00082009;1
4408;I00022010;1
4409;IN0012013;1
103;000082002;1
4410;IN0032013;1
4411;IN0042014;1
4414;IN0412013;1
4415;IN3012011;1
4416;O11012012;1
4417;O11022012;1
4434;PP0712013;1
4433;PP0522013;1
4432;PP0512013;1
4431;PP0412013;1
4430;PP0342013;1
4429;PP0312013;1
4396;CV20A2013;1
4428;PP0302013;1
4426;PP0222013;1
4425;PP0082013;1
4423;PP0052013;1
4422;PP0042013;1
4421;P80012013;1
4420;P04012013;1
4427;PP0232013;1
4435;PP07A2013;1
4395;CV15B2013;1
119;000092004;1
4361;CC2512013;1
4362;CC2612013;1
150;000112004;1
4364;CC2912013;1
4365;CC3412013;1
4366;CC3512013;1
4367;CC4012013;1
4368;CC5012013;1
4369;CC8012011;1
4370;CD0062010;1
4371;CO0012009;1
4373;CO0012013;1
4376;CO2012012;1
4377;CO3012012;1
4378;CP0022012;1
135;000102004;1
4379;CP0212013;1
4391;CV0262013;1
4390;CV0252013;1
4389;CV0232010;1
4388;CV0102013;1
4387;CT0412013;1
4386;CP1012011;1
4394;CV15A2013;1
4385;CP0322013;1
4383;CP0252013;1
4382;CP0242013;1
4381;CP0232013;1
131;000092016;1
132;0000 2013;1
4380;CP0222013;1
4384;CP0312013;1
4359;CC2212013;1
4436;PP07B2013;1
76;000062004;1
4478;PP33A2013;1
4479;PP35A2013;1
4480;PP35B2013;1
4481;PP35C2013;1
4482;PP36A2013;1
4483;PP36B2013;1
4484;PP36C2013;1
4485;PP36D2013;1
4486;PP36E2013;1
4487;PP36F2013;1
4488;PP9012013;1
4489;RP0012013;1
4490;RP0022013;1
4491;SECOBPMCG;1
4494;SRP162013;1
4496;TP0012010;1
4500;TP0022010;1
4524;c00052012;1
4523;V16012011;1
4521;TP3012013;1
4520;TP2442011;1
4517;TP1712013;1
4516;TP1112013;1
4477;PP29A2013;1
4515;TP0142008;1
4512;TP0062014;1
4511;TP0052011;1
4506;TP0032012;1
4505;TP0032011;1
17;000020828;1
4502;TP0022012;1
4514;TP0132008;1
4437;PP07C2013;1
4476;PP28A2013;1
4474;PP27C2013;1
4438;PP1012013;1
74;000052016;1
4439;PP10A2013;1
4440;PP10B2013;1
4441;PP10C2013;1
4442;PP10G2013;1
4443;PP10H2013;1
4444;PP12A2013;1
4445;PP13A2013;1
4446;PP13B2013;1
4447;PP13C2013;1
4448;PP1412013;1
4449;PP14A2013;1
4450;PP16A2013;1
4451;PP16B2013;1
4452;PP16C2013;1
4453;PP17A2013;1
4473;PP27B2013;1
4472;PP27A2013;1
4470;PP26B2013;1
4467;PP24D2013;1
4466;PP24C2013;1
4465;PP24B2013;1
4475;PP27D2013;1
4464;PP24A2013;1
4461;PP21B2013;1
4459;PP20C2013;1
4458;PP2032013;1
4457;PP2012013;1
4455;PP18A2013;1
4454;PP17B2013;1
4463;PP21D2013;1
4358;CC1II2010;1
4357;CC1912013;1
4356;CC1512013;1
4222;500572011;1
4224;509012015;1
4225;510002015;1
4226;516012015;1
4227;517012015;1
4228;600012015;1
4229;600032014;1
4230;600062013;1
4231;600072003;1
4232;600082003;1
4233;600102013;1
4234;600352014;1
267;000182016;1
4235;600392013;1
4236;600422015;1
4237;600502013;1
4238;600632015;1
4256;613012014;1
4255;612022015;1
4254;612012015;1
4253;610022015;1
4252;610012015;1
4251;605012015;1
281;000192016;1
4250;603012015;1
4247;601112014;1
4245;601092013;1
4244;601022014;1
4243;601012015;1
4240;600732013;1
4239;600652015;1
4249;601192014;1
4257;614012014;1
4221;500482013;1
4219;500182015;1
4185;340012013;1
4186;3TP012013;1
4188;400022013;1
4189;400032010;1
4190;400052003;1
4191;400252011;1
4193;400272011;1
4194;400492013;1
4197;402012015;1
306;000202016;1
4200;403012015;1
4202;405012015;1
4204;406012015;1
4205;407012015;1
4207;409012015;1
4208;410012015;1
4209;410562014;1
4218;500082007;1
286;0001B2012;1
287;0001B2013;1
288;0001C2013;1
289;0001F2013;1
4217;500052007;1
4220;500212011;1
4216;500032015;1
4214;500022008;1
4213;500012015;1
4212;500012013;1
296;000202006;1
4211;450152013;1
4210;411012015;1
4215;500022015;1
4258;614022014;1
4259;616012015;1
4260;618012015;1
4311;999792001;1
4312;999802001;1
193;000142003;1
4313;999812001;1
191;000132016;1
4318;999992001;1
4320;B00412013;1
4321;C00012011;1
4322;C00022012;1
4323;C00032011;1
4325;C00092011;1
4330;C70012013;1
4331;CC0012011;1
179;000132004;1
4334;CC0022013;1
4336;CC0112013;1
4337;CC0122012;1
4355;CC1212013;1
4353;CC0562013;1
4352;CC0332013;1
4351;CC0322013;1
163;00012011B;1
4350;CC0312013;1
4310;980782013;1
4349;CC0242013;1
4347;CC01I2011;1
4346;CC0192013;1
4345;CC0182013;1
4343;CC0172013;1
4340;CC0142013;1
4338;CC0122013;1
4348;CC0232013;1
4309;980762013;1
4306;910012010;1
4302;901562014;1
4279;642012014;1
4277;637032014;1
4275;636022015;1
4274;636012015;1
4272;631012014;1
4271;630012015;1
222;000162001;1
4270;629032015;1
4268;626012014;1
4267;625032015;1
4265;624482014;1
4263;623012014;1
4262;620142014;1
4261;619012015;1
4269;626022014;1
3850;160742014;1
221;000152016;1
4282;700142009;1
4300;901542014;1
4299;901012014;1
4298;901012013;1
4297;900162013;1
206;000142016;1
4296;900152013;1
4280;680012014;1
4295;900032012;1
4290;802002012;1
4287;800022014;1
4286;800012014;1
4285;720172014;1
4284;710852009;1
4283;701012014;1
4291;830002012;1
3848;160612016;1
584;0003B2005;1
3634;100132005;1
3581;081012007;1
3582;081032008;1
3584;082032007;1
3585;083012014;1
3586;085012014;1
3587;090012013;1
3588;090052013;1
3589;090062013;1
3590;090082013;1
3591;090092013;1
3592;090112013;1
3594;090132013;1
3595;097022007;1
3580;081002011;1
3596;09ADM2011;1
3599;0PP122010;1
3600;0PP692010;1
3601;0PP702010;1
910;000622008;1
909;000622007;1
3604;100002015;1
907;000622005;1
3605;100012003;1
3606;100012006;1
3607;100012010;1
3608;100012011;1
3609;100012012;1
3617;100032010;1
3598;0PP012011;1
3618;100032012;1
933;000642005;1
3578;080152013;1
3549;064052016;1
3550;064312014;1
3551;065012015;1
3553;066SA2013;1
3554;067SA2013;1
3555;06ADM2011;1
3556;070012013;1
962;000662008;1
959;000662005;1
3559;070022015;1
3560;070032013;1
3561;070032014;1
3562;070042014;1
3579;080992011;1
3563;070042015;1
952;000652010;1
3566;070192015;1
949;000652007;1
948;000652006;1
944;000652002;1
3571;07ADM2011;1
3572;07PP42011;1
3573;080012014;1
3574;080022013;1
3575;080042014;1
3576;080082013;1
3577;080102013;1
936;000642008;1
3564;070082013;1
3548;063SA2013;1
3621;100032015;1
3624;100052013;1
3654;100222014;1
3655;100232006;1
3656;100242006;1
849;000582004;1
3657;100252015;1
3658;100262006;1
3659;100262010;1
3661;100282011;1
3662;100292015;1
3663;100302012;1
3665;100312011;1
838;000572006;1
3669;100332009;1
3653;100222006;1
3670;100342009;1
3674;100382013;1
3675;100382014;1
3677;100422011;1
3678;100432014;1
3680;100472011;1
3681;100472014;1
825;000562005;1
3682;100482014;1
3683;100492014;1
3684;100502014;1
3685;100512003;1
3686;100512007;1
3688;100512013;1
3673;100372014;1
3623;100042014;1
3652;100212015;1
3649;100202006;1
3625;100052014;1
3626;100062011;1
3627;100072014;1
3628;100082012;1
3629;100092015;1
3631;100122004;1
3632;100122011;1
3633;100122014;1
882;000602003;1
3846;160412015;1
880;0005D2013;1
879;0005C2008;1
878;0005C2005;1
3650;100212006;1
877;0005B2012;1
875;0005B2005;1
874;0005A2005;1
3636;100152012;1
3638;100162009;1
3640;100162015;1
3641;100172012;1
866;000592008;1
864;000592006;1
3643;100182011;1
3645;100192003;1
3646;100192006;1
3647;100192011;1
3648;100192013;1
876;0005B2008;1
3689;100512014;1
3547;062322014;1
3545;062312011;1
3458;041242014;1
3459;041272010;1
1075;000752008;1
3460;041272014;1
1073;000752006;1
3461;041282013;1
3463;041312010;1
1069;000742014;1
3464;041362010;1
3465;041372010;1
3467;041382013;1
3468;041402010;1
1063;000742007;1
3457;041242010;1
3469;041412010;1
1060;000742004;1
3472;041482012;1
3473;041492010;1
3474;041512010;1
3475;041512014;1
3477;041602013;1
3478;041602014;1
3479;041612010;1
3480;041662014;1
3481;041682014;1
3483;041732012;1
1048;000732005;1
1047;000732004;1
3470;041442011;1
3484;041802013;1
3455;041232013;1
3453;041222010;1
3419;040212015;1
3420;040312012;1
3421;040332012;1
3422;040372016;1
3423;040462011;1
1111;000782008;1
3424;040472011;1
3425;040522015;1
3426;040542012;1
1107;000782004;1
3428;040552015;1
3429;040592015;1
3430;040622015;1
3454;041222014;1
3431;040642015;1
3433;040702012;1
3434;040772015;1
3435;040782011;1
3438;040942009;1
3439;040942013;1
3441;041062015;1
3442;041092013;1
3443;041122013;1
3444;041132009;1
3445;041142009;1
3446;041162014;1
3448;041182010;1
3452;041212010;1
3432;040652013;1
3546;062312014;1
3485;041812014;1
3487;041902011;1
3516;050432013;1
3517;050452015;1
3518;050462015;1
3519;050682011;1
3520;052012013;1
3522;054012015;1
3523;055012014;1
999;000692007;1
998;000692006;1
3525;056SA2013;1
996;000692004;1
3527;057SA2013;1
3528;058SA2013;1
1008;0006A2010;1
3529;05C082010;1
3532;060012014;1
3533;060022013;1
3534;060742011;1
3535;060752011;1
3536;060782011;1
3538;060832011;1
3539;060SA2013;1
981;000672014;1
3540;061012015;1
979;000672012;1
3542;061512015;1
3543;061612014;1
3544;061SA2013;1
3530;05PP22011;1
3486;041832015;1
1009;0006B2010;1
1011;000702005;1
3488;041912014;1
3489;042022011;1
3490;042072011;1
3491;042142011;1
3492;042152012;1
1037;000722006;1
3493;042292012;1
3494;042512011;1
1034;00072005A;1
3495;042752014;1
3496;042792014;1
3497;043172014;1
3498;043232014;1
3515;050382013;1
3499;043272015;1
3501;043752014;1
3502;043762014;1
3504;048PP2013;1
1023;000712004;1
1022;000712002;1
3506;04ADM2011;1
3507;04C082010;1
3508;04PP42011;1
3509;050012013;1
3512;050202014;1
3513;050232015;1
3514;050252011;1
1012;000702006;1
3500;043642014;1
816;000552008;1
2402;002592010;1
814;000552006;1
3749;101912014;1
3799;109712015;1
3798;109502015;1
3797;109452015;1
3750;101942014;1
3751;101952014;1
3753;101962014;1
3754;102002014;1
3796;109022015;1
3755;102012012;1
758;000512000;1
3795;108852015;1
757;000502016;1
699;000482008;1
3794;108372015;1
3793;107792015;1
3757;102042014;1
3758;102162014;1
3759;102182011;1
3748;101902014;1
3747;101892014;1
3746;101842014;1
3745;101792014;1
3734;101352014;1
3736;101402014;1
681;000472004;1
776;000522008;1
3815;11PP42011;1
3814;11ADM2011;1
3813;118012015;1
3737;101522013;1
732;0004F2010;1
3792;107532015;1
3811;117002012;1
3808;111012015;1
3806;110602012;1
3805;110112010;1
3802;110012010;1
3741;101662014;1
3801;10ADM2011;1
3800;109892015;1
771;000512016;1
3743;101752014;1
3810;113012015;1
3731;101302014;1
3790;107092015;1
3762;102212014;1
722;0004A2010;1
3690;100522003;1
723;0004A2012;1
740;0004M2010;1
739;0004L2010;1
724;0004A2013;1
725;0004B2010;1
726;0004B2012;1
738;0004K2010;1
727;0004C2010;1
737;0004J2010;1
736;0004I2012;1
735;0004I2010;1
734;0004H2010;1
728;0004D2010;1
3770;105222015;1
733;0004G2010;1
3769;105202011;1
731;0004E2010;1
3771;105232015;1
720;000492016;1
3772;105242015;1
741;0004N2010;1
3763;102242014;1
3788;107012015;1
747;000502006;1
3787;106942015;1
3785;106852015;1
708;000492004;1
3782;106092015;1
3781;106072015;1
3780;106062015;1
3789;107072015;1
3779;106052015;1
3778;106042015;1
3777;106032015;1
3766;103772015;1
3776;106022015;1
3767;104012015;1
744;000502003;1
3768;105072015;1
3774;105882015;1
742;0004O2010;1
713;000492009;1
3729;101252009;1
3812;117012015;1
3831;140022013;1
3704;100592011;1
799;000542003;1
3823;123232005;1
3840;160092013;1
3830;138012015;1
3695;100542003;1
667;000462003;1
3715;100692014;1
3719;100812013;1
3706;100602014;1
3829;130012015;1
3839;160082015;1
3717;100732014;1
3828;130012014;1
3716;100732004;1
3837;160062015;1
3696;100542014;1
3707;100612014;1
3822;123012014;1
3835;160012015;1
3697;100562003;1
3700;100572012;1
3838;160072015;1
3709;100632015;1
3834;15ADM2011;1
3841;160112013;1
3832;14ADM2011;1
672;000462008;1
3713;100682014;1
3712;100682007;1
3824;124232005;1
3825;126022014;1
3691;100522011;1
3844;160222012;1
3723;101022011;1
3702;100582003;1
668;000462004;1
3826;12PP42011;1
3821;122122014;1
812;000552004;1
811;000552003;1
3827;130012013;1
3842;160162013;1
3692;100522014;1
786;000532004;1
3701;100572014;1
3693;100532003;1
3720;100832012;1
3724;101202014;1
3710;100662013;1
3371;023042007;2
3436;040912014;2
4372;CO0012012;2
4374;CO0022013;2
3297;01PP82010;2
3510;050012014;2
3302;01TP22012;2
2421;002632009;2
2818;005TP2013;2
2819;006012014;2
3928;169012015;2
3511;050032015;2
4504;TP0022014;2
3866;161032014;2
3418;040182014;2
4332;CC0012012;2
3851;160782014;2
4335;CC0062013;2
2515;003032004;2
3537;060802011;2
3951;200052010;2
2513;003022004;2
4339;CC0132014;2
2955;010032015;2
4518;TP1862009;2
2508;003012004;2
3531;060012013;2
3271;018062004;2
2880;007SA2011;2
2799;005702013;2
3405;033082009;2
3526;057012013;2
3945;200022014;2
2801;005732013;2
4513;TP0102010;2
4509;TP0042012;2
3524;055012015;2
4360;CC2312013;2
3388;030002012;2
3427;040552014;2
4363;CC2812013;2
3863;161002014;2
3775;106012015;2
4501;TP0022011;2
3855;160852014;2
2934;009TP2013;2
2426;002642012;2
3922;165872014;2
3900;163992013;2
3901;164002013;2
2847;006532013;2
2461;002802010;2
2437;002682010;2
2843;006402014;2
3903;164022015;2
2463;002812009;2
3889;162022013;2
2464;002812010;2
2465;002812014;2
4456;PP1912013;2
3345;020802010;2
2840;006322005;2
3482;041692014;2
3899;163882014;2
2861;006SA2011;2
3898;163862014;2
3372;023052007;2
3370;023032007;2
3820;122012015;2
3819;122012014;2
3368;023022007;2
2858;006882014;2
2448;002742013;2
3462;041292014;2
2915;008SA2011;2
3363;023012007;2
3818;121012015;2
2854;006762014;2
3816;120212014;2
3466;041382010;2
2852;006712011;2
2851;006662013;2
2438;002682014;2
3503;046012015;2
3373;023062007;2
2470;002822015;2
2865;007002014;2
2827;006152013;2
2427;002642014;2
2826;006142014;2
4471;PP2712013;2
3451;041202014;2
3450;041192014;2
4393;CV0362013;2
3449;041182014;2
4392;CV0342013;2
3383;029SA2012;2
2424;002642009;2
3447;041172010;2
3881;161572014;2
3314;020132010;2
4469;PP25B2013;2
2836;006252013;2
4468;PP25A2013;2
2864;007002012;2
4419;P02012011;2
3456;041232014;2
3337;020632012;2
3376;024012015;2
3912;164792014;2
4413;IN0072013;2
4412;IN0062013;2
2832;0061A2013;2
3331;020252010;2
3378;027012014;2
2911;008822008;2
3330;020242010;2
3329;020232013;2
3328;020232010;2
3327;020222010;2
2429;002652009;2
2962;010052013;2
3979;205012014;2
2963;010062007;2
3038;010292013;2
3039;010302013;2
3146;010872013;2
2724;004652014;2
4161;300032014;2
3635;100132014;2
3637;100152014;2
3140;010822013;2
3639;100162013;2
4168;300292013;2
4153;280062015;2
3044;010322011;2
3642;100172014;2
3131;010732015;2
4147;261052014;2
4144;250752015;2
3644;100182014;2
3127;010692014;2
3049;010342013;2
2713;004602014;2
4151;280012011;2
3149;010912015;2
3150;010922010;2
4173;300552012;2
3162;010SA2011;2
3018;010222013;2
3622;100042013;2
2743;0047A2011;2
2616;003912015;2
2617;003922014;2
3160;010992012;2
4198;403012013;2
4028;208102014;2
4195;400892010;2
3021;010242011;2
4192;400262011;2
3023;010242014;2
3630;100102014;2
3025;010252014;2
3733;101342014;2
4184;330142014;2
4181;330072015;2
4036;209012015;2
3730;101292014;2
3725;101232011;2
3651;100212013;2
3051;010342015;2
2709;004582003;2
3053;010352015;2
4102;214432014;2
4101;214422014;2
4100;214412014;2
4099;214402014;2
4098;214392014;2
4097;214382014;2
4095;214332014;2
3064;010392011;2
2685;004462003;2
4093;214322014;2
2686;004462011;2
3679;100452014;2
3694;100532014;2
4089;214292015;2
4088;214262014;2
3068;010402015;2
3070;010412014;2
3086;010482014;2
3687;100512011;2
3080;010442014;2
3075;010432013;2
3699;100572003;2
3619;100032013;2
4104;214452014;2
2680;004442013;2
3705;100592014;2
3114;010602014;2
2706;004572003;2
3660;100272011;2
3056;010362015;2
4123;215002012;2
3108;010572014;2
4121;214882014;2
3106;010562014;2
3105;010562010;2
3057;010372013;2
3058;010372014;2
3666;100312013;2
3103;010552014;2
3667;100322012;2
2677;004432009;2
3100;010532014;2
3668;100322014;2
2704;004562005;2
4110;214602014;2
3672;100352014;2
2702;004502003;2
3164;011002012;2
2609;003842011;2
2608;003802014;2
3557;070012014;2
3558;070022014;2
2779;005262011;2
2778;005252011;2
2543;003242014;2
2549;003272015;2
2775;005222011;2
2553;003302014;2
4278;641012014;2
4276;637012014;2
3223;011482013;2
2555;003312014;2
3221;011452015;2
4273;634012014;2
3567;070202015;2
3987;206292014;2
2980;010092013;2
3568;070222015;2
3569;071012014;2
3570;071012015;2
4266;625012014;2
4288;800332014;2
2560;003332014;2
2539;003212007;2
4294;900032010;2
4324;C00042012;2
3541;061312014;2
2965;010062013;2
3960;200302011;2
2966;010062015;2
4319;A12012013;2
2526;003142014;2
2527;003152007;2
2968;010072013;2
3252;014SA2011;2
3251;014932012;2
3249;014082013;2
4304;903532012;2
4301;901552014;2
3244;013SA2011;2
3552;066012014;2
3974;203012015;2
3242;013012014;2
3239;0124A2011;2
3975;203172014;2
2536;003202007;2
4292;900022006;2
4327;C00352013;2
2561;003342014;2
4264;624012014;2
4223;508012015;2
3603;100002014;2
3008;010172014;2
3009;010182010;2
3180;011072013;2
3742;101732014;2
3012;010192011;2
2596;003612014;2
2597;003622014;2
3175;011042011;2
3174;011032013;2
2599;003632014;2
4023;208042015;2
3016;010212013;2
3610;100012013;2
3615;100022013;2
3616;100022014;2
3169;011022012;2
3738;101532013;2
3166;011012011;2
2606;003782002;2
2751;004872014;2
3989;206332015;2
3004;010162015;2
3183;011092013;2
2565;003372013;2
3764;102702014;2
3761;102202014;2
3995;206512014;2
3206;011362014;2
3760;102192014;2
2568;003392010;2
2987;010112013;2
2988;010122011;2
2989;010122013;2
3998;206562014;2
3583;082012014;2
4246;601092014;2
3756;102012014;2
3195;011262012;2
4242;601012014;2
4241;601012013;2
2576;003452011;2
3190;011172013;2
3752;101962011;2
3184;011092015;2
3593;090122013;2
3845;160362013;2
4526;tp0032012;2
2401;002592009;2
1724;001392014;2
1729;001402009;2
520;000352008;2
1737;001412009;2
505;000342007;2
1744;001422009;2
1747;001422013;2
489;000332003;2
1749;001432005;2
1750;001432009;2
482;000322009;2
1754;001432014;2
1758;001442013;2
479;000322006;2
477;000322004;2
1765;001452012;2
476;000322003;2
1773;001462011;2
1774;001462013;2
1779;001472009;2
459;000312002;2
1783;001472015;2
1785;001482009;2
449;000302006;2
444;0002H2011;2
1792;001492009;2
435;0002A2013;2
532;000362008;2
424;000292008;2
1722;001392009;2
1719;001382014;2
1655;001312005;2
1659;001312012;2
614;000422002;2
1662;001312015;2
1666;001322009;2
1667;001322010;2
590;000402005;2
1672;001322015;2
1675;001332009;2
1676;001332010;2
1679;001332013;2
1680;001332014;2
1684;001342009;2
583;0003A2013;2
567;000392002;2
1695;001352013;2
1697;001352015;2
557;000382006;2
554;000382003;2
553;000382002;2
1706;001372009;2
1707;001372010;2
1708;001372011;2
542;000372006;2
1714;001382009;2
1716;001382011;2
1717;001382012;2
540;000372002;2
617;000422006;2
1802;001502013;2
1807;001512010;2
1917;001672011;2
1918;001672013;2
1920;001672015;2
1922;001682011;2
1929;001692011;2
1933;001702005;2
1934;001702007;2
1936;001702012;2
1940;001712005;2
1944;001712013;2
1948;001722009;2
1954;001732005;2
1963;001742012;2
1977;001762010;2
309;000212004;2
1980;001762015;2
1984;001772008;2
1989;001782005;2
1990;001782007;2
1992;001782009;2
1997;001782015;2
2000;001792008;2
2004;001792013;2
2006;001792015;2
2008;001802009;2
2009;001802010;2
293;000202003;2
1911;001662013;2
1806;001512009;2
1906;001652015;2
1904;001652013;2
1814;001522009;2
1821;001532006;2
406;000282004;2
392;000272003;2
1829;001542009;2
382;000262007;2
381;000262006;2
368;000252008;2
1856;001582009;2
356;000242008;2
1861;001582015;2
1869;001602005;2
1870;001602009;2
351;000242003;2
1873;001602013;2
1874;001602014;2
1876;001612005;2
1877;001612009;2
338;000232004;2
1885;001622009;2
327;000222007;2
325;000222005;2
1888;001632005;2
1891;001632013;2
1894;001642005;2
1895;001642008;2
1896;001642009;2
322;000222002;2
291;0001J2013;2
1649;001302010;2
1640;001292010;2
1130;0007A2007;2
1122;000792007;2
1326;000972010;2
1327;000972012;2
1332;000982006;2
1106;000782002;2
1098;000772008;2
1341;000992006;2
1352;0009A2010;2
1353;0009A2013;2
1364;000A72011;2
1368;001002008;2
1072;000752005;2
1071;000752002;2
1059;000742002;2
1386;00102011A;2
1046;000732002;2
1035;000722002;2
1396;001022014;2
1398;001032005;2
1026;000712008;2
1410;001042006;2
1010;000702002;2
995;000692002;2
1422;001052008;2
1424;001052010;2
983;000682002;2
1318;000962012;2
975;000672008;2
1317;000962011;2
1145;000812006;2
1251;000902009;2
1249;000902007;2
1238;000892008;2
1237;000892007;2
1270;000922007;2
1272;000922010;2
1234;000882015;2
1228;000882009;2
1227;000882008;2
1226;000882006;2
1281;000932007;2
1217;000872008;2
1283;000932009;2
1216;000872007;2
1214;000872005;2
1212;000862015;2
1205;000862008;2
1290;000942005;2
1202;000862004;2
1200;000852015;2
1181;000842006;2
1179;000832015;2
1172;000832008;2
1166;000822015;2
1158;000822007;2
1157;000822005;2
1148;000812009;2
1315;000962009;2
1647;001302005;2
970;000672002;2
945;000652003;2
1539;001172009;2
785;000532003;2
784;000532002;2
1543;001172013;2
1545;001172015;2
1546;001182009;2
772;000522002;2
762;000512006;2
1552;001182015;2
759;000512002;2
749;000502008;2
746;000502005;2
745;000502004;2
743;000502002;2
710;000492006;2
707;000492002;2
695;000482004;2
1583;001222010;2
694;000482003;2
693;000482002;2
670;000462006;2
1602;001252009;2
1609;001262006;2
1611;001262008;2
656;000452006;2
1613;001262010;2
1639;001292009;2
1537;001172007;2
960;000662006;2
1530;001162009;2
1529;001162007;2
931;000642002;2
1447;001072014;2
1451;001082007;2
922;000632007;2
1454;001082010;2
1458;001082015;2
918;000632002;2
1461;001092010;2
1472;001102007;2
1474;001102010;2
905;000622002;2
895;000612006;2
1481;001112007;2
883;000602005;2
1486;001112012;2
1492;001122008;2
848;000582002;2
1497;001122013;2
840;000572008;2
837;000572005;2
1501;001132008;2
1509;001142005;2
827;000562007;2
1516;001142015;2
1520;001152009;2
1521;001152010;2
1524;001152013;2
798;000542002;2
2013;001802015;2
1252;000902010;2
2017;001812010;2
2098;001942012;2
2102;001952010;2
210;000152005;2
2315;002372009;2
2110;001962013;2
2115;001972013;2
2308;002352009;2
32;000022016;2
2305;002342009;2
194;000142004;2
2302;002332011;2
62;000052004;2
2296;002322008;2
2291;002302009;2
2282;002272014;2
2281;002272013;2
2127;001992014;2
2139;002002015;2
2096;001942010;2
2095;001942009;2
2068;001892009;2
2069;001892010;2
2071;001892013;2
2072;001892015;2
2075;001902009;2
2076;001902010;2
237;000162016;2
2324;002392009;2
2081;001912009;2
2083;001922009;2
2332;002422007;2
2329;002412011;2
2088;001932009;2
2091;001932012;2
224;000162003;2
2092;001932013;2
2082;001912011;2
2344;002442011;2
2278;002272009;2
2144;002022014;2
2238;002192010;2
2237;002192009;2
2193;002112010;2
165;000122003;2
108;000082008;2
2232;002182010;2
2229;002172014;2
102;000072016;2
2225;002172010;2
147;000102016;2
2200;002122015;2
2204;002132012;2
2205;002132014;2
2214;002152010;2
2208;002142010;2
2014;001812005;2
2198;002122010;2
2141;002012013;2
2177;002082011;2
178;000132003;2
2148;002032010;2
2275;002262014;2
80;000062008;2
2159;002052014;2
88;000062016;2
2266;002242014;2
2261;002232015;2
2176;002082010;2
2163;002062012;2
2255;002222012;2
2165;002062014;2
2250;002212010;2
2169;002072011;2
2246;002202013;2
2175;002082009;2
2243;002202010;2
90;000072004;2
2345;002442014;2
2318;002372015;2
2058;001872013;2
2354;002472011;2
2023;001822006;2
283;0001A2010;2
2027;001822012;2
2028;001822013;2
282;0001A2008;2
2055;001872009;2
2034;001832011;2
2035;001832012;2
2054;001862015;2
2364;002492012;2
2036;001832014;2
2388;002552011;2
2052;001862011;2
2386;002542014;2
2368;002512004;2
2050;001862009;2
2048;001852011;2
2047;001852010;2
2037;001842005;2
2382;002532014;2
2348;002452014;2
2044;001852005;2
270;000192004;2
271;000192005;2
252;000182001;2
2351;002462011;2
2381;002532011;2
2022;001822005;2
2063;001882010;2
284;0001A2012;2
285;0001A2013;2
2349;002452015;2
239;000172003;2
2394;002572009;2
1;000000239;2
2066;001882015;2
4424;PP0062013;3
2485;002902012;3
4;000012004;3
1250;000902008;3
2387;002552009;3
712;000492008;3
836;000572002;3
3664;100302013;3
3671;100342014;3
1507;001132014;3
1573;001212009;3
721;0004A2009;3
2409;002612009;3
830;000562010;3
1503;001132010;3
2483;0028A2014;3
2219;002162009;3
824;000562002;3
2969;010072014;3
1476;001102012;3
1254;000902012;3
2207;002142009;3
3320;020172013;3
3614;100022012;3
3620;100032014;3
4354;CC0912013;3
2213;002152009;3
861;000592002;3
885;000602007;3
89;000072003;3
1488;001112014;3
865;000592007;3
2975;010082014;3
3067;010402014;3
1490;00112011A;3
3284;01C262009;3
862;000592004;3
2215;002152011;3
2480;002882013;3
1493;001122009;3
2389;002552014;3
813;000552005;3
1239;000892009;3
4405;DL3022013;3
3300;01TP22010;3
1565;001202009;3
1540;001172010;3
3727;101242011;3
116;000082016;3
1247;000902005;3
774;000522006;3
2497;002962014;3
1548;001182011;3
134;000102003;3
3001;010162011;3
1560;001192015;3
1248;000902006;3
2224;002172009;3
2996;010142014;3
3765;103012015;3
2220;002162010;3
1558;001192013;3
3003;010162013;3
2490;002922013;3
1536;001162015;3
3721;100902008;3
3307;020042014;3
810;000552002;3
2241;002202005;3
730;0004D2013;3
1523;001152012;3
1569;001202013;3
154;000112008;3
1525;001152014;3
4522;TP3312013;3
3722;101012015;3
1528;001162006;3
3031;010272012;3
1473;001102009;3
1265;000912012;3
3708;100622014;3
3027;010262011;3
3026;010252015;3
1264;000912011;3
1532;001162011;3
3718;100752011;3
3703;100582014;3
20;000022004;3
4510;TP0042013;3
2416;002622012;3
1084;000762005;3
2444;002722010;3
3182;011082014;3
1076;000752009;3
4503;TP0022013;3
2328;002402010;3
2449;002752013;3
4507;TP0032013;3
1371;001002012;3
2403;002592011;3
3173;011032011;3
1064;000742009;3
1062;000742006;3
1377;001012007;3
1378;001012008;3
3240;012SA2011;3
3168;011022011;3
3471;041452014;3
1051;000732008;3
1383;001012014;3
2327;002402009;3
1182;000842007;3
1190;000842015;3
1171;000832007;3
1388;001022005;3
3187;011162011;3
3189;011172011;3
3229;011752013;3
2340;002432014;3
3403;032012013;3
1123;000792009;3
1323;000972007;3
2338;002432009;3
2337;002432007;3
2335;002422011;3
1328;000972013;3
3381;028012014;3
1331;000982005;3
1110;000782007;3
1108;000782005;3
4495;T00022013;3
2442;002702014;3
1097;000772007;3
18;000022002;3
2443;002712010;3
3437;040922014;3
1096;000772006;3
3440;040992011;3
1094;000772002;3
1088;000762010;3
1085;000762006;3
1389;001022007;3
1192;000852006;3
1391;001022009;3
972;000672005;3
2367;002502014;3
3565;070142014;3
1441;001072007;3
1206;000862009;3
61;000052003;3
938;000642010;3
935;000642007;3
2370;002512010;3
3107;010572011;3
923;000632008;3
1452;001082008;3
1215;000872006;3
921;000632006;3
3098;010522015;3
919;000632004;3
4508;TP0032014;3
3602;0TP042010;3
1459;001092007;3
1460;001092008;3
908;000622006;3
3089;010502013;3
1466;001092015;3
973;000672006;3
2309;002352010;3
986;000682007;3
2312;002362009;3
1295;000942010;3
1036;000722005;3
1394;001022012;3
2321;002382013;3
1197;000852012;3
2361;002482014;3
2319;002382009;3
1400;001032007;3
2456;002782010;3
1024;000712005;3
3505;048SA2011;3
1222;000872013;3
2363;002492011;3
3804;110012015;3
1013;000702007;3
3521;053012015;3
1002;000692010;3
3138;010772012;3
997;000692005;3
3136;010752013;3
3133;010742012;3
1419;001052005;3
1421;001052007;3
3339;020692013;3
1014;000702008;3
1589;001232010;3
528;000362002;3
1591;001232012;3
440;0002C2013;3
4281;700012014;3
1798;001502005;3
1801;001502012;3
1805;001512006;3
1809;001512013;3
420;000292004;3
419;000292003;3
1811;001512015;3
1816;001522011;3
2780;005262013;3
410;000282008;3
1819;001522015;3
213;000152008;3
2776;005232011;3
2594;003612010;3
2086;001922014;3
1831;001542013;3
4108;214542014;3
2767;005102010;3
1837;001552013;3
1841;001562010;3
378;000262003;3
2759;004SA2011;3
367;000252006;3
364;000252002;3
1849;001572011;3
1850;001572012;3
1822;001532009;3
2079;001902014;3
1786;001482011;3
211;000152006;3
2844;006412014;3
4314;999842001;3
518;000352006;3
2841;006342014;3
2563;003352013;3
516;000352004;3
2137;002002013;3
504;000342006;3
2134;001SA2011;3
2830;006162013;3
2569;003392014;3
4019;207012015;3
208;000152003;3
4289;801012014;3
1757;001442011;3
2118;001982009;3
1764;001452011;3
2112;001972009;3
4033;208152014;3
1768;001452015;3
2814;0059A2012;3
2813;005992013;3
2107;001962009;3
475;000322002;3
2106;001952014;3
465;000312008;3
460;000312003;3
2806;005802011;3
2125;001992012;3
2845;006422014;3
352;000242004;3
1864;001592014;3
2051;001862010;3
1924;001682014;3
1926;001692005;3
257;000182006;3
313;000212008;3
1939;001702015;3
1945;001712015;3
1946;001722005;3
2043;001842014;3
1956;001732013;3
1960;001742007;3
1969;001752007;3
1970;001752013;3
1919;001672014;3
1975;001762007;3
1983;001772007;3
2033;001832009;3
4196;401012015;3
2024;001822008;3
2665;004362011;3
2001;001792010;3
4206;408012015;3
294;000202004;3
2658;004282013;3
290;0001G2013;3
2655;004262005;3
2654;004252013;3
2011;001802013;3
1979;001762014;3
1863;001592013;3
2623;004012013;3
2708;004572010;3
1865;001592015;3
2603;003742011;3
350;000242002;3
2742;004782012;3
2741;004772012;3
2070;001892011;3
1875;001602015;3
238;000172002;3
341;000232007;3
340;000232006;3
4160;300032011;3
2731;004702011;3
1881;001612014;3
4182;330082015;3
4170;300382005;3
2065;001882014;3
324;000222004;3
240;000172004;3
323;000222003;3
4248;601132013;3
4177;330012009;3
4179;330012015;3
1899;001642014;3
1900;001642015;3
1902;001652010;3
1903;001652011;3
2619;003942013;3
254;000182003;3
2610;003852006;3
1253;000902011;3
481;000322008;3
1730;001402010;3
559;000382008;3
2182;002092009;3
2877;0076A2013;3
1616;001262013;3
2546;003262013;3
1700;001362011;3
3843;160192014;3
4326;C00252014;3
2872;007462010;3
654;000452002;3
1703;001362015;3
655;000452005;3
183;000132008;3
2183;002092010;3
4316;999962001;3
3896;163062012;3
2945;010012015;3
2545;003252013;3
1696;001352014;3
181;000132006;3
3864;161012015;3
3911;164752014;3
2168;002072010;3
572;000392008;3
1689;001352004;3
2901;008572008;3
2933;009SA2011;3
602;000412002;3
3931;178012014;3
3933;185012014;3
605;000412007;3
2884;008022014;3
3944;200012014;3
3849;160682014;3
1731;001402011;3
2925;0094A2013;3
2550;003282013;3
3955;200142013;3
168;000122007;3
615;000422004;3
2554;003312010;3
3817;121012014;3
2150;002032013;3
2959;010052009;3
684;000472007;3
2961;010052011;3
1593;001232015;3
1648;001302009;3
2142;002022009;3
2140;002012009;3
2964;010062011;3
1725;001392015;3
3982;206012015;3
4315;999952001;3
2187;002102010;3
2537;003202010;3
1712;001382005;3
1709;001372013;3
627;000432002;3
3965;201082012;3
3833;153042011;3
1656;001312009;3
2197;002122009;3
4341;CC0152013;3
1600;001242015;3
162;00012010A;3
671;000462007;3
3836;160032014;3
3732;101322012;4
629;000432004;4
4402;D00452013;4
3726;101232014;4
3872;161132013;4
3389;030012009;4
3392;030012014;4
4171;300412005;4
3875;161382013;4
1152;000812013;4
1140;000802012;4
1129;000792015;4
1132;0007A2011;4
3877;161402013;4
4498;TP0012012;4
760;000512004;4
1177;000832013;4
685;000472008;4
1242;000892012;4
673;000462009;4
3784;106712014;4
3783;106112014;4
4201;405012014;4
3305;020012014;4
669;000462005;4
3773;105612014;4
1235;000892005;4
662;000452012;4
1230;000882011;4
311;000212006;4
153;000112007;4
3366;023012014;4
659;000452009;4
756;000502015;4
4187;400012014;4
3847;160462013;4
3884;161772013;4
761;000512005;4
1201;000862003;4
647;000442009;4
3853;160842013;4
645;000442007;4
3857;160892013;4
1184;000842009;4
3859;160902013;4
3860;160912013;4
3735;101362014;4
164;000122002;4
787;000532005;4
3698;100562014;4
789;000532007;4
984;000682004;4
985;000682005;4
3807;111012014;4
544;000372008;4
35;000032004;4
894;000612005;4
974;000672007;4
886;000602008;4
4293;900022010;4
881;000602002;4
1004;000692012;4
34;000032003;4
182;000132007;4
1025;000712006;4
987;000682008;4
3613;100022011;4
207;000152002;4
49;000042004;4
920;000632005;4
3973;203012014;4
906;000622004;4
64;000052006;4
3970;202012015;4
506;000342008;4
925;000632010;4
932;000642004;4
492;000332007;4
198;000142008;4
75;000062003;4
946;000652004;4
3612;100012015;4
961;000662007;4
969;000662015;4
1027;000712009;4
446;000302002;4
441;0002D2013;4
4328;C19012013;4
379;000262004;4
4418;P01012011;4
1086;000762007;4
802;000542007;4
354;000242006;4
1099;000772009;4
1105;000772015;4
800;000542005;4
1109;000782006;4
4497;TP0012011;4
1118;000782015;4
1120;000792005;4
618;000422007;4
3887;161982013;4
1121;000792006;4
1079;000752012;4
3886;161932013;4
3915;165122014;4
4493;SOB132012;4
423;000292007;4
422;000292006;4
1050;000732007;4
571;000392007;4
3476;041542014;4
4492;SOB122012;4
835;000562015;4
4329;C50012013;4
828;000562008;4
225;000162004;4
588;000402002;4
826;000562006;4
394;000272006;4
1074;000752007;4
180;000132005;4
4107;214482014;4
3803;110012014;4
2263;002242010;4
3032;010272013;4
2631;004092014;4
1766;001452013;4
3222;011472013;4
1991;001782008;4
1762;001452009;4
1512;001142010;4
1618;001262015;4
2477;002852015;4
2551;003292010;4
1759;001442014;4
1392;001022010;4
1844;001562013;4
2548;003272013;4
1848;001572010;4
1886;001622013;4
1632;001282009;4
1321;000962015;4
2162;002062011;4
2941;010012011;4
2138;002002014;4
1685;001342010;4
2509;003012009;4
3178;011062010;4
2857;006862014;4
1526;001152015;4
3232;012011AJU;4
1780;001472011;4
1313;000962007;4
3109;010582013;4
3041;010302015;4
2856;006812011;4
3228;011752010;4
1720;001382015;4
1842;001562011;4
2320;002382012;4
1311;000952015;4
1612;001262009;4
1322;000972006;4
1748;001422014;4
1858;001582012;4
2734;004712011;4
1484;001112010;4
1739;001412011;4
2012;001802014;4
1734;001402015;4
1373;001002014;4
1733;001402014;4
2018;001812011;4
1348;000992013;4
1651;001302013;4
2194;002112014;4
1879;001612012;4
2298;002322015;4
3078;010442012;4
2301;002332010;4
1367;001002007;4
2727;004672011;4
3193;011222013;4
2662;004302014;4
1740;001412013;4
1446;001072013;4
2170;002072012;4
3096;010522013;4
2929;0096a2013;4
2752;004892012;4
2020;001812014;4
2217;002152015;4
1334;000982008;4
1335;000982010;4
1381;001012012;4
1636;001282015;4
1872;001602012;4
2186;002102009;4
1494;001122010;4
1726;0013T2009;4
3094;010522008;4
1342;000992007;4
1307;000952011;4
1978;001762013;4
2525;003122013;4
3028;010262013;4
1586;001222015;4
2239;002192011;4
2097;001942011;4
2993;010132014;4
2784;005342010;4
1554;001192009;4
1279;000932005;4
2585;003532014;4
2230;002172015;4
2056;001872010;4
2808;0058A2010;4
1413;001042010;4
1411;001042007;4
1408;001032015;4
3118;010622012;4
2991;010132010;4
1566;001202010;4
2417;002622013;4
1567;001202011;4
3282;01C202010;4
1824;001532011;4
1259;000912006;4
2873;007472014;4
2716;004622009;4
2390;002562009;4
1261;000912008;4
2350;002462009;4
1428;001052015;4
1571;001202015;4
1263;000912010;4
1433;001062009;4
2412;002612013;4
2984;010102013;4
1568;001202012;4
1269;000922006;4
3137;010752014;4
1832;001542015;4
2104;001952012;4
1294;000942009;4
2333;002422009;4
1937;001702013;4
3020;010232013;4
1533;001162012;4
3015;010212011;4
1406;001032013;4
2571;003402013;4
3013;010202013;4
1407;001032014;4
1296;000942011;4
1686;001342011;4
2126;001992013;4
1787;001482013;4
2257;002232010;4
1710;001372014;4
1534;001162013;4
1596;001242010;4
1293;000942008;4
1303;000952007;4
2228;002172013;4
1965;001742014;4
1292;000942007;4
2105;001952013;4
1796;001492014;4
1692;001352010;4
1305;000952009;4
1912;001662014;4
1542;001172012;4
310;000212005;5
2199;002122011;5
1431;001062007;5
2234;002182013;5
934;000642006;5
4375;CO0862014;5
1437;001062013;5
4203;406012014;5
947;000652005;5
926;000632011;5
971;000672004;5
2210;002142014;5
3597;0A1152010;5
152;000112006;5
563;000382012;5
1668;001322011;5
566;000382015;5
2883;008012014;5
1448;001072015;5
3935;186012014;5
958;000662004;5
1664;001322007;5
1427;001052014;5
1505;001132012;5
610;000412012;5
792;000532010;5
3714;100692008;5
788;000532006;5
1535;001162014;5
3019;010222014;5
3014;010202014;5
1541;001172011;5
3728;101242014;5
209;000152004;5
780;000522012;5
2108;001962011;5
683;000472006;5
1547;001182010;5
3739;101552014;5
258;000182007;5
3740;101562014;5
770;000512015;5
686;000472009;5
3809;111112012;5
765;000512010;5
763;000512007;5
1588;001232009;5
696;000482005;5
226;000162005;5
242;000172006;5
3791;107112014;5
2064;001882011;5
1574;001212010;5
711;000492007;5
2607;003802013;5
1595;001242009;5
674;000462010;5
2957;010042011;5
259;000182008;5
896;000612007;5
1479;001102015;5
616;000422005;5
2918;009012014;5
4344;CC0182012;5
884;000602006;5
1644;001292014;5
4342;CC0162013;5
868;000592010;5
1491;001122006;5
3876;161392013;5
855;000582010;5
631;000432006;5
851;000582006;5
850;000582005;5
2026;001822011;5
3862;160942013;5
3029;010262014;5
3030;010272011;5
2953;010032013;5
4308;933052013;5
269;000192003;5
657;000452007;5
166;000122005;5
2136;002002011;5
2633;004102014;5
1511;001142009;5
1621;001272008;5
1506;001132013;5
989;000682010;5
1496;001122012;5
1614;001262011;5
556;000382005;5
1578;001212015;5
39;000032008;5
1198;000852013;5
1291;000942006;5
1794;001492011;5
1153;000812014;5
391;000272002;5
1049;000732006;5
377;000262002;5
447;000302003;5
1826;001532014;5
1340;000982015;5
1285;000932011;5
1339;000982014;5
1282;000932008;5
16;000012016;5
1711;001372015;5
1031;000712013;5
1287;000932013;5
3260;016352012;5
342;000232008;5
4042;211012015;5
1165;000822014;5
53;000042008;5
521;000352009;5
380;000262005;5
1070;000742015;5
1083;000762002;5
3361;022012015;5
1723;001392012;5
3360;022012014;5
1309;000952013;5
4462;PP21C2013;5
1379;001012010;5
529;000362005;5
466;000312009;5
530;000362006;5
2803;005762013;5
1185;000842010;5
4525;cc1612011;5
1221;000872012;5
33;000032002;5
1320;000962014;5
1274;000922012;5
1753;001432012;5
1897;001642012;5
2377;002522014;5
1271;000922009;5
2493;002942014;5
396;000272008;5
4178;330012014;5
3304;020012009;5
1000;000692008;5
1818;001522014;5
353;000242005;5
1115;000782012;5
4519;TP2012013;5
47;000032016;5
395;000272007;5
1810;001512014;5
543;000372007;5
3963;201012015;5
2866;007022014;5
2360;002482013;5
1169;000832005;5
1892;001632014;5
546;000372010;5
94;000072008;5
1103;000772013;5
2157;002052009;6
1599;001242014;6
462;000312005;6
1752;001432011;6
839;000572007;6
1763;001452010;6
643;000442005;6
1125;000792011;6
2450;002752014;6
1308;000952012;6
3408;037952009;6
1151;000812012;6
1845;001562014;6
1607;001252015;6
820;000552012;6
644;000442006;6
1513;001142011;6
2314;002372007;6
3218;011412014;6
661;000452011;6
2943;010012013;6
104;000082003;6
2566;003372014;6
1550;001182013;6
1277;000922015;6
418;000292002;6
214;000152009;6
223;000162002;6
2590;003562014;6
3315;020132013;6
1582;001222009;6
729;0004D2011;6
697;000482006;6
1240;000892010;6
243;000172007;6
241;000172005;6
3;000012003;6
3298;01TP12011;6
409;000282007;6
407;000282005;6
421;000292005;6
1306;000952010;6
2059;001872014;6
1808;001512011;6
2446;002732014;6
1304;000952008;6
255;000182004;6
1300;000942015;6
790;000532008;6
1838;001552014;6
1186;000842011;6
453;000302010;6
450;000302007;6
1187;000842012;6
1330;000972015;6
448;000302005;6
2431;002652014;6
778;000522010;6
680;000472002;6
1836;001552012;6
773;000522005;6
4077;214052014;6
2339;002432011;6
847;000572015;6
2900;008562008;6
1033;000712015;6
1395;001022013;6
1038;000722008;6
1445;001072012;6
1040;000722010;6
79;000062007;6
78;000062006;6
593;000402008;6
1382;001012013;6
149;000112003;6
151;000112005;6
2899;008552008;6
307;000212002;6
2476;002852009;6
1996;001782014;6
355;000242007;6
1061;000742005;6
2902;008582008;6
603;000412005;6
3083;010462011;6
1884;001622007;6
2267;002252004;6
943;000642015;6
312;000212007;6
3962;201012014;6
988;000682009;6
1699;001362009;6
1425;001052011;6
1426;001052013;6
3786;106912014;6
1417;001042014;6
2878;0078A2013;6
4400;CV33A2013;6
560;000382009;6
2867;007152014;6
298;000202008;6
562;000382011;6
1414;001042011;6
1436;001062012;6
117;000092002;6
118;000092003;6
321;00022011A;6
2719;004632009;6
569;000392005;6
133;000102002;6
2486;002902013;6
951;000652009;6
1415;001042012;6
297;000202007;6
809;000542015;6
873;000592015;6
339;000232005;6
519;000352007;6
1349;000992014;6
859;000582014;6
336;000232002;6
619;000422008;6
863;000592005;6
2019;001812013;6
1336;000982011;6
523;000352011;6
633;000432008;6
2919;009022014;6
1333;000982007;6
1095;000772005;6
1482;001112008;6
1641;001292011;6
1350;000992015;6
4460;PP21A2013;6
1880;001612013;6
1702;001362014;6
897;000612008;6
613;000412015;6
1741;001412014;6
48;000042003;6
1489;001112015;6
295;000202005;6
1112;000782009;6
2306;002342012;6
480;000322007;7
393;000272005;7
1693;001352011;7
503;000342005;7
630;000432005;7
1871;001602010;7
1633;001282011;7
558;000382007;7
398;000272010;7
1627;001272014;7
4021;208012015;7
637;000432012;7
2600;003642013;7
272;000192007;7
1767;001452014;7
607;000412009;7
570;000392006;7
2010;001802011;7
1732;001402013;7
385;000262010;7
1782;001472014;7
531;000362007;7
4199;403012014;7
533;000362009;7
1788;001482014;7
461;000312004;7
1658;001312011;7
545;000372009;7
534;000362010;7
666;000462002;7
308;000212003;7
268;000192002;7
1803;001502014;7
1592;001232014;7
541;000372005;7
658;000452008;7
626;000422015;7
1775;001462014;7
253;000182002;7
464;000312007;7
491;000332006;7
1067;000742012;7
158;000112012;7
3095;010522011;7
1262;000912009;7
1456;001082013;7
1384;001012015;7
797;000532015;7
801;000542006;7
2534;003182013;7
1039;000722009;7
1393;001022011;7
1405;001032012;7
2535;003192013;7
2172;002072014;7
842;000572010;7
1007;000692015;7
930;000632015;7
994;000682015;7
1519;001152008;7
2161;002062010;7
192;000142002;7
928;000632013;7
1195;000852010;7
123;000092008;7
1289;000932015;7
1514;001142012;7
1438;001062014;7
950;000652008;7
3676;100402006;7
1275;000922013;7
1499;001122015;7
137;000102006;7
195;000142005;7
3354;021012015;7
4317;999972001;7
852;000582007;7
2391;002562010;7
1154;000812015;7
1126;000792012;7
167;000122006;7
1316;000962010;7
1245;000892015;7
24;000022008;7
3412;040012014;7
3380;028012013;7
4303;902552013;7
1116;000782013;7
1150;000812011;7
1102;000772012;7
19;000022003;7
1175;000832011;7
51;000042006;7
1090;000762012;7
1465;001092014;7
2101;001952009;7
1346;000992011;7
1219;000872010;7
3744;101762014;7
1223;000872014;7
2203;002132010;7
1077;000752010;7
912;000622010;7
1164;000822013;7
1141;000802013;7
890;000602012;8
929;000632014;8
148;000112002;8
1478;001102014;8
592;000402007;8
900;000612011;8
913;000622011;8
1015;000702009;8
1442;001072009;8
1843;001562012;8
3407;037942009;8
3409;037962009;8
1124;000792010;8
1162;000822011;8
517;000352005;8
1347;000992012;8
2334;002422010;8
1080;000752013;8
386;000262011;8
2796;0055B2010;8
1058;000732015;8
77;000062005;8
3977;204012015;8
326;000222006;8
91;000072005;8
1017;000702011;8
169;000122008;8
993;000682014;8
105;000082005;8
982;000672015;8
1432;001062008;8
1056;000732013;8
425;000292009;8
1435;001062011;8
1312;000962006;8
632;000432007;8
634;000432009;8
636;000432011;8
408;000282006;8
764;000512009;8
1224;000872015;8
280;000192015;8
1622;001272009;8
775;000522007;8
2;000012002;8
256;000182005;8
794;000532012;8
1825;001532013;8
1232;000882013;8
3301;01TP22011;8
397;000272009;8
2944;010012014;8
1604;001252011;8
1268;000912015;8
177;000132002;8
1635;001282014;8
767;000512012;8
402;000272014;8
227;000162006;8
1585;001222014;8
228;000162007;8
1559;001192014;8
867;000592009;8
750;000502009;8
245;000172009;8
857;000582012;8
709;000492005;8
714;000492010;8
1021;000702015;9
4307;910382012;9
404;000282002;9
1042;000722012;9
537;000362013;9
3353;021012014;9
701;000482010;9
260;000182009;9
1032;000712014;9
478;000322005;9
1403;001032010;9
1404;001032011;9
2317;002372012;9
678;000462014;9
1100;000772010;9
1380;001012011;9
507;000342009;9
2060;001872015;9
1101;000772011;9
751;000502010;9
1093;000762015;9
3241;013012011;9
1163;000822012;9
1188;000842013;9
1746;001422011;9
1087;000762009;9
212;000152007;9
1082;000752015;9
1329;000972014;9
38;000032007;9
682;000472005;9
387;000262012;9
1174;000832010;9
781;000522013;9
1065;000742010;9
1487;001112013;9
594;000402009;9
1231;000882012;9
1439;001062015;9
1276;000922014;9
832;000562012;9
136;000102005;9
138;000102007;9
1504;001132011;9
1455;001082011;9
4333;CC0012013;9
1462;001092011;9
1208;000862011;9
2005;001792014;9
899;000612010;9
1661;001312014;9
1660;001312013;9
870;000592012;9
426;000292010;9
2359;002482012;9
625;000422014;9
888;000602010;9
1483;001112009;9
1923;001682013;9
1617;001262014;9
93;000072007;9
1515;001142013;9
232;000162011;9
122;000092007;9
121;000092006;9
976;000672009;9
2231;002182009;9
561;000382010;9
2627;004052006;10
1416;001042013;10
1650;001302011;10
1337;000982012;10
821;000552013;10
251;000172015;10
1114;000782011;10
623;000422012;10
893;000602015;10
1584;001222011;10
292;000202002;10
748;000502007;10
1606;001252014;10
366;000252005;10
107;000082007;10
95;000072009;10
369;000252009;10
716;000492012;10
898;000612009;10
1343;000992008;10
112;000082012;10
1128;000792014;10
1052;000732009;10
535;000362011;10
1199;000852014;10
1374;001002015;10
3033;010282012;10
1143;000802015;10
940;000642012;10
1549;001182012;10
3954;200142009;10
1196;000852011;10
804;000542010;10
2029;001822014;10
196;000142006;10
1905;001652014;10
689;000472012;10
375;000252015;10
510;000342012;10
1878;001612010;10
1255;000902013;10
1624;001272011;10
1137;000802009;10
399;000272011;11
2795;0055A2010;11
428;000292012;11
1284;000932010;11
1209;000862012;11
1207;000862010;11
451;000302008;11
3253;015012013;11
452;000302009;11
4499;TP0012013;11
414;000282012;11
231;000162010;11
904;000612015;11
902;000612013;11
901;000612012;11
3611;100012014;11
1652;001302014;11
872;000592014;11
871;000592013;11
858;000582013;11
173;000122012;11
175;000122014;11
1628;001272015;11
648;000442010;11
276;000192011;11
829;000562009;11
653;000442015;11
823;000552015;11
815;000552007;11
805;000542011;11
199;000142009;11
1544;001172014;11
1557;001192012;11
2090;001932011;11
229;000162008;11
230;000162009;11
469;000312012;11
604;000412006;11
400;000272012;11
512;000342014;11
346;000232012;11
1345;000992010;11
1859;001582013;11
576;000392012;11
1081;000752014;11
2303;002332012;11
1113;000782010;11
65;000052007;11
66;000052008;11
1324;000972008;11
1001;000692009;11
1418;001042015;11
965;000662011;11
37;000032006;11
1139;000802011;11
81;000062009;11
500;000332015;11
263;000182012;12
357;000242009;12
2062;001882009;12
315;000212010;12
22;000022006;12
63;000052005;12
1887;001622014;12
170;000122009;12
120;000092005;12
124;000092009;12
126;000092011;12
197;000142007;12
372;000252012;12
1256;000902014;12
817;000552009;12
539;000362015;12
597;000402012;12
606;000412008;12
639;000432014;12
692;000472015;12
1577;001212014;12
715;000492011;12
719;000492015;12
1551;001182014;12
808;000542014;12
860;000582015;12
1443;001072010;12
964;000662010;12
991;000682012;12
992;000682013;12
1338;000982013;12
1117;000782014;12
1319;000962013;12
1161;000822010;12
3359;022011CPL;12
1286;000932012;12
1220;000872011;12
1233;000882014;12
509;000342011;12
490;000332005;12
600;000402015;12
718;000492014;13
331;000222011;13
818;000552010;13
67;000052009;13
275;000192010;13
564;000382013;13
2885;0080A2006;13
687;000472010;13
677;000462013;13
990;000682011;13
676;000462012;13
977;000672010;13
111;000082011;13
579;000392015;13
591;000402006;13
595;000402010;13
187;000132012;13
300;000202010;13
143;000102012;13
924;000632009;13
845;000572013;13
917;000622015;13
2218;002162008;13
622;000422011;13
155;000112009;13
640;000432015;13
1477;001102013;13
277;000192012;13
332;000222012;13
1078;000752011;13
1028;000712010;13
486;000322013;13
205;000142015;13
803;000542009;13
698;000482007;13
370;000252010;13
1211;000862014;13
1576;001212012;13
1229;000882010;13
498;000332013;13
2764;005092010;13
215;000152010;13
411;000282009;13
706;000482015;14
574;000392010;14
1273;000922011;14
1298;000942013;14
854;000582009;14
1210;000862013;14
853;000582008;14
140;000102009;14
266;000182015;14
844;000572012;14
455;000302012;14
914;000622012;14
2160;002062009;14
942;000642014;14
939;000642011;14
1498;001122014;14
139;000102008;14
299;000202009;14
184;000132009;14
109;000082009;14
1267;000912014;14
1091;000762013;14
52;000042007;14
524;000352012;14
1369;001002010;14
248;000172012;14
1372;001002013;14
343;000232009;14
244;000172008;14
650;000442012;14
1057;000732014;14
1142;000802014;14
1149;000812010;14
679;000462015;14
819;000552011;14
1053;000732010;14
1045;000722015;14
1485;001112011;14
92;000072006;14
551;000372015;14
348;000232014;14
1016;000702010;14
217;000152012;14
320;000212015;14
318;000212013;14
1003;000692011;14
216;000152011;15
1570;001202014;15
247;000172011;15
766;000512011;15
833;000562013;15
236;000162015;15
705;000482014;15
4305;904052006;15
831;000562011;15
1590;001232011;15
691;000472014;15
807;000542013;15
665;000452015;15
273;000192008;15
834;000562014;15
649;000442011;15
1138;000802010;15
274;000192009;15
536;000362012;15
21;000022005;15
968;000662014;15
456;000302013;15
359;000242011;15
1104;000772014;15
937;000642009;15
371;000252011;15
467;000312010;15
1453;001082009;15
1257;000902015;16
1310;000952014;16
1241;000892011;16
23;000022007;16
1178;000832014;16
791;000532009;16
783;000522015;16
1299;000942014;16
1266;000912013;16
43;000032012;16
413;000282011;16
6;000012006;16
1288;000932014;16
1055;000732012;16
59;000042014;16
887;000602009;16
915;000622013;16
156;000112010;16
141;000102010;16
373;000252013;16
953;000652011;16
956;000652014;16
50;000042005;16
390;000262015;16
106;000082006;16
96;000072010;16
1005;000692013;16
86;000062014;16
1043;000722013;16
1054;000732011;16
1066;000742011;16
2236;002192008;16
957;000652015;16
472;000312015;16
384;000262009;16
620;000422009;16
468;000312011;16
305;000202015;16
573;000392009;16
470;000312013;16
702;000482011;16
703;000482012;16
458;000302015;16
495;000332010;16
1575;001212011;16
1176;000832012;17
174;000122013;17
527;000352015;17
547;000372011;17
548;000372012;17
608;000412010;17
638;000432013;17
5;000012005;17
846;000572014;17
1677;001332011;17
841;000572009;17
1597;001242011;17
1691;001352009;17
822;000552014;17
3711;100672011;17
700;000482009;17
144;000102013;17
635;000432010;17
1475;001102011;17
345;000232011;17
417;000282015;17
892;000602014;17
1325;000972009;17
429;000292013;17
41;000032010;17
525;000352013;17
54;000042009;17
624;000422013;18
609;000412011;18
1444;001072011;18
652;000442014;18
663;000452013;18
279;000192014;18
941;000642013;18
577;000392013;18
891;000602013;18
980;000672013;18
97;000072011;18
1029;000712011;18
234;000162013;18
36;000032005;18
565;000382014;18
1019;000702013;18
55;000042010;18
796;000532014;18
8;000012008;18
57;000042012;18
793;000532011;18
2838;0062A2010;19
344;000232010;19
1189;000842014;19
511;000342013;19
484;000322011;19
1089;000762011;19
316;000212011;19
526;000352014;19
125;000092010;19
363;000242015;19
550;000372014;19
963;000662009;19
415;000282013;19
101;000072015;19
578;000392014;19
329;000222009;19
302;000202012;19
403;000272015;19
249;000172013;19
250;000172014;19
782;000522014;19
889;000602011;19
388;000262013;19
176;000122015;19
795;000532013;19
806;000542012;19
675;000462011;19
265;000182014;19
1044;000722014;20
401;000272013;20
488;000322015;20
967;000662013;20
1018;000702012;20
114;000082014;20
113;000082013;20
717;000492013;20
186;000132011;20
430;000292014;20
843;000572011;20
160;000112014;20
261;000182010;20
68;000052010;20
157;000112011;20
301;000202011;20
916;000622014;20
330;000222010;20
485;000322012;20
1092;000762014;20
1244;000892014;21
768;000512013;21
664;000452014;21
412;000282010;21
508;000342010;21
522;000352010;21
70;000052012;21
358;000242010;21
1068;000742013;21
7;000012007;21
1030;000712012;21
538;000362014;21
431;000292015;21
598;000402013;21
200;000142010;21
1127;000792013;21
202;000142012;22
204;000142014;22
1041;000722011;22
328;000222008;22
317;000212012;22
235;000162014;22
496;000332011;22
189;000132014;22
314;000212009;22
303;000202013;22
128;000092013;22
172;000122011;22
1243;000892013;22
1495;001122011;22
621;000422010;23
856;000582011;23
145;000102014;23
575;000392011;23
335;000222015;23
85;000062013;23
99;000072013;23
752;000502011;23
188;000132013;23
69;000052011;23
42;000032011;23
190;000132015;23
362;000242014;23
513;000342015;24
903;000612014;24
360;000242012;24
304;000202014;24
497;000332012;24
319;000212014;24
954;000652012;24
201;000142011;24
1434;001062010;24
966;000662012;24
220;000152015;24
26;000022010;25
171;000122010;25
349;000232015;25
56;000042011;25
146;000102015;25
389;000262014;25
110;000082010;25
100;000072014;25
98;000072012;25
549;000372013;25
753;000502012;25
218;000152013;25
755;000502014;26
361;000242013;26
278;000192013;26
688;000472011;26
416;000282014;26
185;000132010;26
374;000252014;26
83;000062011;26
71;000052013;26
454;000302011;26
651;000442013;26
246;000172010;26
334;000222014;27
87;000062015;27
233;000162012;27
129;000092014;27
911;000622009;27
599;000402014;27
347;000232013;27
262;000182011;27
58;000042013;28
487;000322014;28
264;000182013;28
142;000102011;28
333;000222013;28
927;000632012;28
28;000022012;29
30;000022014;29
72;000052014;29
127;000092012;29
1020;000702014;29
611;000412013;29
130;000092015;29
777;000522009;29
115;000082015;30
660;000452010;30
955;000652013;30
494;000332009;30
45;000032014;30
869;000592011;31
25;000022009;31
9;000012009;31
427;000292011;31
612;000412014;32
1006;000692014;32
159;000112013;32
769;000512014;32
690;000472013;32
40;000032009;32
161;000112015;33
483;000322010;33
84;000062012;33
457;000302014;33
978;000672011;33
203;000142013;33
10;000012010;33
499;000332014;34
44;000032013;34
754;000502013;35
704;000482013;35
82;000062010;35
596;000402011;36
471;000312014;37
60;000042015;38
31;000022015;38
219;000152014;38
1370;001002011;40
779;000522011;40
11;000012011;40
73;000052015;43
29;000022013;43
14;000012014;47
27;000022011;47
46;000032015;48
12;000012012;49
13;000012013;56
15;000012015;79
